STUDY_ID,WT,mutant
acc_tcga_pan_can_atlas_2018,73,19
blca_tcga_pan_can_atlas_2018,208,203
brca_tcga_pan_can_atlas_2018,719,365
cesc_tcga_pan_can_atlas_2018,268,29
chol_tcga_pan_can_atlas_2018,32,4
coadread_tcga_pan_can_atlas_2018,220,374
dlbc_tcga_pan_can_atlas_2018,36,12
esca_tcga_pan_can_atlas_2018,24,158
gbm_tcga_pan_can_atlas_2018,272,320
hnsc_tcga_pan_can_atlas_2018,158,365
kich_tcga_pan_can_atlas_2018,44,21
kirc_tcga_pan_can_atlas_2018,391,121
kirp_tcga_pan_can_atlas_2018,270,13
laml_tcga_pan_can_atlas_2018,184,16
lgg_tcga_pan_can_atlas_2018,265,249
lihc_tcga_pan_can_atlas_2018,256,116
luad_tcga_pan_can_atlas_2018,271,295
lusc_tcga_pan_can_atlas_2018,80,407
meso_tcga_pan_can_atlas_2018,72,15
ov_tcga_pan_can_atlas_2018,150,435
paad_tcga_pan_can_atlas_2018,72,112
pcpg_tcga_pan_can_atlas_2018,177,1
prad_tcga_pan_can_atlas_2018,437,57
sarc_tcga_pan_can_atlas_2018,170,85
skcm_tcga_pan_can_atlas_2018,368,80
stad_tcga_pan_can_atlas_2018,223,217
tgct_tcga_pan_can_atlas_2018,148,1
thca_tcga_pan_can_atlas_2018,488,12
thym_tcga_pan_can_atlas_2018,119,4
ucec_tcga_pan_can_atlas_2018,324,205
ucs_tcga_pan_can_atlas_2018,5,52
uvm_tcga_pan_can_atlas_2018,80,0
